[
  {
    "@context": [
      "http://www.w3.org/ns/csvw",
      {
        "schema": "http://schema.org"
      }
    ],
    "@id": "http://example.org/nature-parks",
    "url": "nature-parks.csv",
    "schema:description": "The table contains information about nature parks in Germany",
    "tableSchema": {
      "columns": [
        {
          "name": "name",
          "datatype": "string"
        },
        {
          "name": "state",
          "datatype": "string"
        },
        {
          "name": "year",
          "datatype": "integer"
        },
        {
          "name": "area_in_km2",
          "datatype": "integer"
        },
        {
          "name": "summary",
          "datatype": "string"
        }
      ],
      "primaryKey": "name"
    }
  },
  {
    "@type": "schema:Place",
    "name": "Barnim",
    "state": "Brandenburg Berlin",
    "year": 1999,
    "area_in_km2": 749,
    "summary": "The park includes the Barnim heath habitats dating back to the ice age. It lies between the glacial valleys of Eberswalde in the north and Berlin in the south, and is more than half forested. The region is shaped by many individual lakes and meltwater gullies."
  }
]
