[
  {
    "@context": [
      "http://www.w3.org/ns/csvw",
      {
        "schema": "http://schema.org"
      }
    ],
    "@id": "http://example.org/nature-parks",
    "url": "nature-parks.csv",
    "schema:description": "The table contains information about nature parks in Germany",
    "tableSchema": {
      "columns": [
        {
          "name": "name",
          "datatype": "string"
        },
        {
          "name": "state",
          "datatype": "string"
        },
        {
          "name": "year",
          "datatype": "integer"
        },
        {
          "name": "area_in_km2",
          "datatype": "integer"
        },
        {
          "name": "summary",
          "datatype": "string"
        }
      ],
      "primaryKey": "name"
    }
  },
  {
    "@type": "schema:Place",
    "state": "Bavaria"
  },
  {
    "@type": "schema:Place",
    "name": "Hirschwald",
    "state": "Bavaria",
    "year": 2006,
    "summary": "The park was once the hunting ground of a prince-elector and is the smallest nature park in Bavaria. It is one of the oldest and largest forested areas in the entire region. It is characterized by riparian forests and steep slopes towards Vils and the river Lauterach."
  },
  {
    "@type": "schema:Place",
    "name": "Fichtel Mountains",
    "state": "Bavaria",
    "area_in_km2": 1028,
    "summary": "The park includes the wooded highlands of the Fichtel Mountains and the adjacent agricultural lands of the plateaux. It is bounded by the Thuringian Forest, Franconian Forest, Upper Palatine Forest and the Ore Mountains. The region is characterized by extensive rock formations and pillars such as the Luisenburg Rock Labyrinth."
  }
]
