[
  {
    "@context": [
      "http://www.w3.org/ns/csvw",
      {
        "schema": "http://schema.org"
      }
    ],
    "@id": "http://example.org/nature-parks",
    "url": "nature-parks.csv",
    "schema:description": "The table contains information about nature parks in Germany",
    "tableSchema": {
      "columns": [
        {
          "name": "name",
          "datatype": "string"
        },
        {
          "name": "state",
          "datatype": "string"
        },
        {
          "name": "year",
          "datatype": "integer"
        },
        {
          "name": "area_in_km2",
          "datatype": "integer"
        },
        {
          "name": "summary",
          "datatype": "string"
        }
      ],
      "primaryKey": "name"
    }
  },
  {
    "@type": "schema:Place",
    "name": "Altmühl Valley Nature Park",
    "state": "Bavaria",
    "year": 1969,
    "area_in_km2": 2962,
    "summary": "The park is characterized by gently undulating plateaus and steep valleys with precipitous cliffs, and half of the park is wooded. The Altmühl flows through a spectacular valley from west to east."
  }
]
