[
  {
    "@context": [
      "http://www.w3.org/ns/csvw",
      {
        "schema": "http://schema.org"
      }
    ],
    "@id": "http://example.org/nature-parks",
    "url": "nature-parks.csv",
    "schema:description": "The table contains information about nature parks in Germany",
    "tableSchema": {
      "columns": [
        {
          "name": "name",
          "datatype": "string"
        },
        {
          "name": "state",
          "datatype": "string"
        },
        {
          "name": "year",
          "datatype": "integer",
          "minimum": 1921,
          "maximum": 2007
        },
        {
          "name": "area_in_km2",
          "datatype": "integer",
          "minimum": 48,
          "maximum": 3940
        },
        {
          "name": "summary",
          "datatype": "string"
        }
      ],
      "primaryKey": "name"
    }
  },
  {
    "@type": "schema:Place",
    "name": "Lüneburg Heath (Lüneburger Heide)",
    "year": 1921
  },
  {
    "@type": "schema:Place",
    "name": "Lahn-Dill Highlands",
    "year": 2007
  },
  {
    "@type": "schema:Place",
    "name": "Zittau Mountains",
    "year": 2007
  },
  {
    "@type": "schema:Place",
    "name": "Siebengebirge",
    "area_in_km2": 48
  },
  {
    "@type": "schema:Place",
    "name": "Southern Black Forest",
    "area_in_km2": 3940
  }
]
