[
  {
    "@context": [
      "http://www.w3.org/ns/csvw",
      {
        "schema": "http://schema.org"
      }
    ],
    "@id": "http://example.org/nature-parks",
    "url": "nature-parks.csv",
    "schema:description": "The table contains information about nature parks in Germany",
    "tableSchema": {
      "columns": [
        {
          "name": "name",
          "datatype": "string"
        },
        {
          "name": "state",
          "datatype": "string"
        },
        {
          "name": "year",
          "datatype": "integer"
        },
        {
          "name": "area_in_km2",
          "datatype": "integer"
        },
        {
          "name": "summary",
          "datatype": "string"
        }
      ],
      "primaryKey": "name"
    }
  },
  {
    "@type": "schema:Place",
    "state": "Bavaria"
  },
  {
    "@type": "schema:Place",
    "state": "Hesse"
  },
  {
    "@type": "schema:Place",
    "name": "Bavarian Forest",
    "state": "Bavaria"
  },
  {
    "@type": "schema:Place",
    "name": "Bavarian Spessart",
    "state": "Bavaria"
  },
  {
    "@type": "schema:Place",
    "name": "Bavarian Rhön",
    "state": "Bavaria"
  }
]
