[
  {
    "@context": [
      "http://www.w3.org/ns/csvw",
      {
        "schema": "http://schema.org"
      }
    ],
    "@id": "http://example.org/historical-figures",
    "url": "historical-figures.csv",
    "schema:description": "The table contains information about historical figures",
    "tableSchema": {
      "columns": [
        {
          "name": "full_name",
          "datatype": "string"
        },
        {
          "name": "sex",
          "datatype": "string"
        },
        {
          "name": "city",
          "datatype": "string"
        },
        {
          "name": "country",
          "datatype": "string"
        },
        {
          "name": "occupation",
          "datatype": "string"
        },
        {
          "name": "industry",
          "datatype": "string"
        },
        {
          "name": "page_views",
          "datatype": "integer"
        },
        {
          "name": "historical_popularity_index",
          "datatype": "float"
        }
      ],
      "primaryKey": "full_name"
    }
  },
  {
    "@type": "schema:Person",
    "country": "China"
  },
  {
    "@type": "schema:Person",
    "full_name": "Fu Hsi",
    "sex": "Male",
    "city": "Chengji",
    "country": "China",
    "occupation": "Politician",
    "industry": "Government",
    "page_views": 1289617,
    "historical_popularity_index": 26.9419
  }
]
