[
  {
    "@context": [
      "http://www.w3.org/ns/csvw",
      {
        "schema": "http://schema.org"
      }
    ],
    "@id": "http://example.org/historical-figures",
    "url": "historical-figures.csv",
    "schema:description": "The table contains information about historical figures",
    "tableSchema": {
      "columns": [
        {
          "name": "full_name",
          "datatype": "string"
        },
        {
          "name": "sex",
          "datatype": "string"
        },
        {
          "name": "birth_year",
          "datatype": "integer"
        },
        {
          "name": "city",
          "datatype": "string"
        },
        {
          "name": "state",
          "datatype": "string"
        },
        {
          "name": "country",
          "datatype": "string"
        },
        {
          "name": "occupation",
          "datatype": "string"
        },
        {
          "name": "historical_popularity_index",
          "datatype": "float",
          "minimum": 9.8794,
          "maximum": 31.9938
        }
      ],
      "primaryKey": "full_name"
    }
  },
  {
    "@type": "schema:Person",
    "full_name": "Steve Jobs",
    "sex": "Male",
    "birth_year": 1955,
    "city": "San Francisco-Bay Area",
    "occupation": "Designer",
    "historical_popularity_index": 24.4062
  },
  {
    "@type": "schema:Person",
    "full_name": "Aristotle",
    "sex": "Male",
    "historical_popularity_index": 31.9938
  },
  {
    "@type": "schema:Person",
    "full_name": "Missy Franklin",
    "sex": "Female",
    "city": "Los Angeles",
    "state": "CA",
    "historical_popularity_index": 9.8794
  },
  {
    "@type": "schema:Person",
    "country": "Germany"
  },
  {
    "@type": "schema:Person",
    "full_name": "Albert Einstein",
    "country": "Germany"
  }
]
