[
  {
    "@context": [
      "http://www.w3.org/ns/csvw",
      {
        "schema": "http://schema.org"
      }
    ],
    "@id": "http://example.org/historical-figures",
    "url": "historical-figures.csv",
    "schema:description": "The table contains information about historical figures",
    "tableSchema": {
      "columns": [
        {
          "name": "full_name",
          "datatype": "string"
        },
        {
          "name": "sex",
          "datatype": "string"
        },
        {
          "name": "birth_year",
          "datatype": "integer"
        },
        {
          "name": "city",
          "datatype": "string"
        },
        {
          "name": "country",
          "datatype": "string"
        },
        {
          "name": "continent",
          "datatype": "string"
        },
        {
          "name": "occupation",
          "datatype": "string"
        },
        {
          "name": "historical_popularity_index",
          "datatype": "float",
          "maximum": 31.9938
        }
      ],
      "primaryKey": "full_name"
    }
  },
  {
    "@type": "schema:Person",
    "full_name": "Aristotle",
    "country": "Greece",
    "historical_popularity_index": 31.9938
  },
  {
    "@type": "schema:Person",
    "full_name": "Socrates"
  }
]
