[
  {
    "@context": [
      "http://www.w3.org/ns/csvw",
      {
        "schema": "http://schema.org"
      }
    ],
    "@id": "http://example.org/historical-figures",
    "url": "historical-figures.csv",
    "schema:description": "The table contains information about historical figures",
    "tableSchema": {
      "columns": [
        {
          "name": "full_name",
          "datatype": "string"
        },
        {
          "name": "sex",
          "datatype": "string"
        },
        {
          "name": "birth_year",
          "datatype": "integer"
        },
        {
          "name": "city",
          "datatype": "string"
        },
        {
          "name": "state",
          "datatype": "string"
        },
        {
          "name": "country",
          "datatype": "string"
        },
        {
          "name": "continent",
          "datatype": "string"
        },
        {
          "name": "latitude",
          "datatype": "float"
        },
        {
          "name": "longitude",
          "datatype": "float"
        },
        {
          "name": "occupation",
          "datatype": "string"
        },
        {
          "name": "industry",
          "datatype": "string"
        },
        {
          "name": "domain",
          "datatype": "string"
        },
        {
          "name": "article_languages",
          "datatype": "integer"
        },
        {
          "name": "page_views",
          "datatype": "integer"
        },
        {
          "name": "average_views",
          "datatype": "integer"
        },
        {
          "name": "historical_popularity_index",
          "datatype": "float"
        }
      ],
      "primaryKey": "full_name"
    }
  },
  {
    "@type": "schema:Person",
    "state": "United States"
  },
  {
    "@type": "schema:Person",
    "state": "United Kingdom"
  }
]
