[
  {
    "@context": [
      "http://www.w3.org/ns/csvw",
      {
        "schema": "http://schema.org"
      }
    ],
    "@id": "http://example.org/historical-figures",
    "url": "historical-figures.csv",
    "schema:description": "The table contains information about historical figures",
    "tableSchema": {
      "columns": [
        {
          "name": "full_name",
          "datatype": "string"
        },
        {
          "name": "birth_year",
          "datatype": "integer",
          "minimum": -3500,
          "maximum": 2005
        },
        {
          "name": "domain",
          "datatype": "string"
        }
      ],
      "primaryKey": "full_name"
    }
  },
  {
    "@type": "schema:Person",
    "birth_year": -3500
  },
  {
    "@type": "schema:Person",
    "birth_year": 2005
  }
]
