[
  {
    "@context": [
      "http://www.w3.org/ns/csvw",
      {
        "schema": "http://schema.org"
      }
    ],
    "@id": "http://example.org/time-travel-media",
    "url": "time-travel-media.csv",
    "schema:description": "The table contains information about time travel media",
    "tableSchema": {
      "columns": [
        {
          "name": "year",
          "datatype": "string"
        },
        {
          "name": "title",
          "datatype": "string"
        },
        {
          "name": "creators",
          "datatype": "string"
        },
        {
          "name": "description",
          "datatype": "string"
        },
        {
          "name": "category",
          "datatype": "string"
        }
      ],
      "primaryKey": ["year", "title", "category"]
    }
  },
  {
    "@type": "schema:CreativeWork",
    "category": "films"
  },
  {
    "@type": "schema:CreativeWork",
    "category": "literature"
  },
  {
    "@type": "schema:CreativeWork",
    "title": "Harry Potter and the Prisoner of Azkaban"
  },
  {
    "@type": "schema:CreativeWork",
    "title": "Rip Van Winkle"
  },
  {
    "@type": "schema:CreativeWork",
    "title": "Ivan Vasilievich: Back to the Future"
  },
  {
    "@type": "schema:CreativeWork",
    "year": "1733",
    "title": "Memoirs of the Twentieth Century",
    "creators": "Samuel Madden",
    "description": "A guardian angel travels back to the year 1728, with letters from 1997 and 1998."
  },
  {
    "@type": "schema:CreativeWork",
    "year": "2022",
    "title": "Midnight at the Pera Palace",
    "category": "series"
  }
]
