[
  {
    "@context": [
      "http://www.w3.org/ns/csvw",
      {
        "schema": "http://schema.org"
      }
    ],
    "@id": "http://example.org/time-travel-media",
    "url": "time-travel-media.csv",
    "tableSchema": {
      "columns": [
        {
          "name": "year",
          "datatype": "string"
        },
        {
          "name": "title",
          "datatype": "string"
        },
        {
          "name": "creators",
          "datatype": "string"
        },
        {
          "name": "description",
          "datatype": "string"
        },
        {
          "name": "category",
          "datatype": "string"
        }
      ],
      "primaryKey": ["year", "title", "category"]
    }
  },
  {
    "@type": "schema:CreativeWork",
    "year": "2021",
    "title": "Loki",
    "creators": "Michael Waldron",
    "description": "An alternate version of Loki (Marvel Cinematic Universe) is captured by the Time Variance Authority (TVA), whose agents travel to different points in time in order to preserve the 'Sacred Timeline'.",
    "category": "series"
  },
  {
    "@type": "schema:CreativeWork",
    "creators": "Margaret Peterson Haddix"
  },
  {
    "@type": "schema:CreativeWork",
    "category": "films"
  },
  {
    "@type": "schema:CreativeWork",
    "year": "1771",
    "title": "L'An 2440, rêve s'il en fut jamais (Memoirs of the Year Two Thousand Five Hundred)",
    "creators": "Louis-Sébastien Mercier",
    "description": "An unnamed man falls asleep and finds himself in a Paris of the future.",
    "category": "literature"
  }
]
