[
  {
    "@context": [
      "http://www.w3.org/ns/csvw",
      {
        "schema": "http://schema.org"
      }
    ],
    "@id": "http://example.org/time-travel-media",
    "url": "time-travel-media.csv",
    "schema:description": "The table contains information about time travel media",
    "tableSchema": {
      "columns": [
        {
          "name": "year",
          "datatype": "string"
        },
        {
          "name": "title",
          "datatype": "string"
        },
        {
          "name": "creators",
          "datatype": "string"
        },
        {
          "name": "description",
          "datatype": "string"
        },
        {
          "name": "category",
          "datatype": "string"
        }
      ],
      "primaryKey": ["year", "title", "category"]
    }
  },
  {
    "@type": "schema:CreativeWork",
    "category": "literature"
  },
  {
    "@type": "schema:CreativeWork",
    "category": "films"
  },
  {
    "@type": "schema:CreativeWork",
    "category": "series"
  },
  {
    "@type": "schema:CreativeWork",
    "title": "Interstellar"
  },
  {
    "@type": "schema:CreativeWork",
    "year": "2003",
    "title": "The Time Traveler's Wife",
    "creators": "Audrey Niffenegger",
    "description": "A man with a rare genetic disorder unpredictably travels in time, living his life out of sequence.",
    "category": "literature"
  },
  {
    "@type": "schema:CreativeWork",
    "title": "The Time Traveler's Wife",
    "category": "films"
  },
  {
    "@type": "schema:CreativeWork",
    "year": "2021",
    "category": "films"
  },
  {
    "@type": "schema:CreativeWork",
    "year": "1733"
  }
]
