[
  {
    "@context": [
      "http://www.w3.org/ns/csvw",
      {
        "schema": "http://schema.org"
      }
    ],
    "@id": "http://example.org/food-nutrients",
    "url": "food-nutrients.csv",
    "schema:description": "The table contains information about food nutrients",
    "tableSchema": {
      "columns": [
        {
          "name:": "food",
          "datatype": "string"
        },
        {
          "name:": "measure",
          "datatype": "string"
        },
        {
          "name:": "grams",
          "datatype": "integer"
        },
        {
          "name:": "calories",
          "datatype": "integer"
        },
        {
          "name:": "protein",
          "datatype": "integer"
        },
        {
          "name:": "carbs",
          "datatype": "integer"
        },
        {
          "name:": "category",
          "datatype": "string"
        }
      ],
      "primaryKey": ["food", "measure"]
    }
  },
  {
    "@type": "schema:Product",
    "food": "Cows' milk",
    "measure": "1 qt.",
    "protein": 32
  },
  {
    "@type": "schema:Product",
    "category": "Dairy products"
  },
  {
    "@type": "schema:Product",
    "food": "Whole-wheat"
  },
  {
    "@type": "schema:Product",
    "food": "Tuna",
    "grams": 85,
    "protein": 25,
    "category": "Fish, Seafood"
  },
  {
    "@type": "schema:Product",
    "food": "Cucumbers",
    "category": "Vegetables"
  },
  {
    "@type": "schema:Product",
    "food": "Spinach",
    "category": "Vegetables"
  }
]
