[
  {
    "@context": [
      "http://www.w3.org/ns/csvw",
      {
        "schema": "http://schema.org"
      }
    ],
    "@id": "http://example.org/food-nutrients",
    "url": "food-nutrients.csv",
    "schema:description": "The table contains information about food nutrients",
    "tableSchema": {
      "columns": [
        {
          "name:": "food",
          "datatype": "string"
        },
        {
          "name:": "grams",
          "datatype": "integer"
        },
        {
          "name:": "calories",
          "datatype": "integer",
          "minimum": 0,
          "maximum": 16285
        },
        {
          "name:": "protein",
          "datatype": "integer",
          "minimum": 0
        },
        {
          "name:": "fat",
          "datatype": "integer",
          "minimum": 0,
          "maximum": 115
        },
        {
          "name:": "category",
          "datatype": "string"
        }
      ],
      "primaryKey": ["food", "measure"]
    }
  },
  {
    "@type": "schema:Product",
    "food": "Ice cream",
    "fat": 0
  },
  {
    "@type": "schema:Product",
    "food": "Sugar",
    "fat": 0
  },
  {
    "@type": "schema:Product",
    "food": "Marshmallows",
    "fat": 0
  },
  {
    "@type": "schema:Product",
    "food": "Hard candies",
    "fat": 0
  },
  {
    "@type": "schema:Product",
    "food": "Ices",
    "fat": 0
  },
  {
    "@type": "schema:Product",
    "food": "Puddings Sugar",
    "fat": 0
  },
  {
    "@type": "schema:Product",
    "food": "Carbonated drinks Artificially sweetened",
    "calories": 0,
    "protein": 0,
    "fat": 0
  },
  {
    "@type": "schema:Product",
    "food": "Club soda",
    "fat": 0
  },
  {
    "@type": "schema:Product",
    "food": "Coffee",
    "fat": 0
  },
  {
    "@type": "schema:Product",
    "food": "Wine (12.2% alcohol)",
    "fat": 0
  },
  {
    "@type": "schema:Product",
    "food": "Beer",
    "fat": 0
  },
  {
    "@type": "schema:Product",
    "food": "Wines",
    "fat": 0
  },
  {
    "@type": "schema:Product",
    "food": "Ginger ale",
    "fat": 0
  },
  {
    "@type": "schema:Product",
    "food": "Root beer",
    "fat": 0
  },
  {
    "@type": "schema:Product",
    "food": "Cola drinks",
    "fat": 0
  },
  {
    "@type": "schema:Product",
    "food": "Fruit-flavored soda",
    "fat": 0
  },
  {
    "@type": "schema:Product",
    "food": "Gin",
    "fat": 0
  },
  {
    "@type": "schema:Product",
    "food": "Oysters",
    "fat": 0
  },
  {
    "@type": "schema:Product",
    "food": "Apple vinegar",
    "fat": 0
  },
  {
    "@type": "schema:Product",
    "food": "Apple juice canned",
    "fat": 0
  },
  {
    "@type": "schema:Product",
    "food": "Butter",
    "fat": 115
  },
  {
    "@type": "schema:Product",
    "calories": 16285
  },
  {
    "@type": "schema:Product",
    "food": "Fortified milk",
    "protein": 89
  },
  {
    "@type": "schema:Product",
    "category": "Breads, cereals, fastfood,grains"
  },
  {
    "@type": "schema:Product",
    "category": "Dairy products"
  },
  {
    "@type": "schema:Product",
    "category": "Desserts, sweets"
  },
  {
    "@type": "schema:Product",
    "category": "Drinks,Alcohol, Beverages"
  },
  {
    "@type": "schema:Product",
    "category": "Fats, Oils, Shortenings"
  },
  {
    "@type": "schema:Product",
    "category": "Fish, Seafood"
  },
  {
    "@type": "schema:Product",
    "category": "Fruits"
  },
  {
    "@type": "schema:Product",
    "category": "Jams, Jellies"
  },
  {
    "@type": "schema:Product",
    "category": "Meat, Poultry"
  },
  {
    "@type": "schema:Product",
    "category": "Seeds and Nuts"
  },
  {
    "@type": "schema:Product",
    "category": "Soups"
  },
  {
    "@type": "schema:Product",
    "category": "Vegetables"
  }
]
