[
  {
    "@context": [
      "http://www.w3.org/ns/csvw",
      {
        "schema": "http://schema.org"
      }
    ],
    "@id": "http://example.org/food-nutrients",
    "url": "food-nutrients.csv",
    "schema:description": "The table contains information about food nutrients",
    "tableSchema": {
      "columns": [
        {
          "name:": "food",
          "datatype": "string"
        },
        {
          "name:": "measure",
          "datatype": "string"
        },
        {
          "name:": "calories",
          "datatype": "integer",
          "maximum": 16285
        },
        {
          "name:": "protein",
          "datatype": "integer",
          "minimum": 0,
          "maximum": 114
        },
        {
          "name:": "fat",
          "datatype": "integer"
        },
        {
          "name:": "sat_fat",
          "datatype": "integer"
        },
        {
          "name:": "carbs",
          "datatype": "integer"
        },
        {
          "name:": "category",
          "datatype": "string"
        }
      ],
      "primaryKey": ["food", "measure"]
    }
  },
  {
    "@type": "schema:Product",
    "category": "Breads, cereals, fastfood,grains"
  },
  {
    "@type": "schema:Product",
    "category": "Dairy products"
  },
  {
    "@type": "schema:Product",
    "category": "Fruits"
  },
  {
    "@type": "schema:Product",
    "category": "Vegetables"
  },
  {
    "@type": "schema:Product",
    "food": "Eggs raw",
    "measure": "2",
    "category": "Dairy products"
  },
  {
    "@type": "schema:Product",
    "food": "Butter",
    "protein": 114
  },
  {
    "@type": "schema:Product",
    "protein": 0
  },
  {
    "@type": "schema:Product",
    "food": "Apple betty"
  },
  {
    "@type": "schema:Product",
    "food": "Apple juice canned"
  },
  {
    "@type": "schema:Product",
    "food": "Apple pie"
  },
  {
    "@type": "schema:Product",
    "food": "Apple vinegar"
  },
  {
    "@type": "schema:Product",
    "food": "Artichoke",
    "measure": "1 large",
    "calories": 16285
  }
]
