[
  {
    "@context": [
      "http://www.w3.org/ns/csvw",
      {
        "schema": "http://schema.org"
      }
    ],
    "@id": "http://example.org/food-nutrients",
    "url": "food-nutrients.csv",
    "schema:description": "The table contains information about food nutrients",
    "tableSchema": {
      "columns": [
        {
          "name:": "food",
          "datatype": "string"
        },
        {
          "name:": "measure",
          "datatype": "string"
        },
        {
          "name:": "grams",
          "datatype": "integer"
        },
        {
          "name:": "calories",
          "datatype": "integer"
        },
        {
          "name:": "protein",
          "datatype": "integer"
        },
        {
          "name:": "fat",
          "datatype": "integer"
        },
        {
          "name:": "sat_fat",
          "datatype": "integer"
        },
        {
          "name:": "carbs",
          "datatype": "integer"
        },
        {
          "name:": "category",
          "datatype": "string"
        }
      ],
      "primaryKey": ["food", "measure"]
    }
  },
  {
    "@type": "schema:Product",
    "category": "Fruits"
  },
  {
    "@type": "schema:Product",
    "category": "Vegetables"
  },
  {
    "@type": "schema:Product",
    "category": "Soups"
  },
  {
    "@type": "schema:Product",
    "food": "Crackers"
  },
  {
    "@type": "schema:Product",
    "food": "Pancakes 4\" diam."
  },
  {
    "@type": "schema:Product",
    "food": "Crab meat"
  },
  {
    "@type": "schema:Product",
    "food": "Eggs Scrambled or fried"
  },
  {
    "@type": "schema:Product",
    "food": "Pineapple"
  },
  {
    "@type": "schema:Product",
    "category": "Breads, cereals, fastfood,grains"
  },
  {
    "@type": "schema:Product",
    "category": "Dairy products"
  },
  {
    "@type": "schema:Product",
    "category": "Desserts, sweets"
  },
  {
    "@type": "schema:Product",
    "category": "Drinks,Alcohol, Beverages"
  },
  {
    "@type": "schema:Product",
    "category": "Fats, Oils, Shortenings"
  },
  {
    "@type": "schema:Product",
    "category": "Fish, Seafood"
  },
  {
    "@type": "schema:Product",
    "category": "Jams, Jellies"
  },
  {
    "@type": "schema:Product",
    "category": "Meat, Poultry"
  },
  {
    "@type": "schema:Product",
    "category": "Seeds and Nuts"
  },
  {
    "@type": "schema:Product",
    "measure": "1"
  },
  {
    "@type": "schema:Product",
    "measure": "1 T."
  },
  {
    "@type": "schema:Product",
    "food": "Whole-wheat"
  },
  {
    "@type": "schema:Product",
    "food": "Artichoke",
    "calories": 16285
  }
]
