[
  {
    "@context": [
      "http://www.w3.org/ns/csvw",
      {
        "schema": "http://schema.org"
      }
    ],
    "@id": "http://example.org/food-nutrients",
    "url": "food-nutrients.csv",
    "schema:description": "The table contains information about food nutrients",
    "tableSchema": {
      "columns": [
        {
          "name:": "food",
          "datatype": "string"
        },
        {
          "name:": "measure",
          "datatype": "string"
        },
        {
          "name:": "grams",
          "datatype": "integer"
        },
        {
          "name:": "calories",
          "datatype": "integer"
        },
        {
          "name:": "protein",
          "datatype": "integer"
        },
        {
          "name:": "fat",
          "datatype": "integer"
        },
        {
          "name:": "category",
          "datatype": "string"
        }
      ],
      "primaryKey": ["food", "measure"]
    }
  },
  {
    "@type": "schema:Product",
    "measure": "1 cup"
  },
  {
    "@type": "schema:Product",
    "measure": "1 T."
  },
  {
    "@type": "schema:Product",
    "measure": "1 slice"
  },
  {
    "@type": "schema:Product",
    "category": "Fruits"
  },
  {
    "@type": "schema:Product",
    "category": "Vegetables"
  },
  {
    "@type": "schema:Product",
    "category": "Fish, Seafood"
  },
  {
    "@type": "schema:Product",
    "food": "Ice cream",
    "category": "Dairy products"
  },
  {
    "@type": "schema:Product",
    "food": "Banana",
    "category": "Fruits"
  },
  {
    "@type": "schema:Product",
    "food": "Avocado",
    "grams": 108,
    "calories": 185,
    "category": "Fruits"
  },
  {
    "@type": "schema:Product",
    "food": "Figs",
    "category": "Fruits"
  }
]
