[
  {
    "@context": [
      "http://www.w3.org/ns/csvw",
      {
        "schema": "http://schema.org"
      }
    ],
    "@id": "http://example.org/football-records",
    "url": "football-records.csv",
    "schema:description": "The table contains information about football records",
    "tableSchema": {
      "columns": [
        {
          "name": "record",
          "datatype": "string"
        },
        {
          "name": "player",
          "datatype": "string"
        },
        {
          "name": "nationality",
          "datatype": "string"
        },
        {
          "name": "years",
          "datatype": "string"
        },
        {
          "name": "details",
          "datatype": "string"
        },
        {
          "name": "type",
          "datatype": "string"
        }
      ],
      "primaryKey": "record"
    }
  },
  {
    "@type": "schema:Event",
    "years": "1908"
  },
  {
    "@type": "schema:Event",
    "years": "2013-2018"
  }
]
