[
  {
    "@context": [
      "http://www.w3.org/ns/csvw",
      {
        "schema": "http://schema.org"
      }
    ],
    "@id": "http://example.org/football-records",
    "url": "football-records.csv",
    "schema:description": "The table contains information about football records",
    "tableSchema": {
      "columns": [
        {
          "name": "record",
          "datatype": "string"
        },
        {
          "name": "player",
          "datatype": "string"
        },
        {
          "name": "nationality",
          "datatype": "string"
        },
        {
          "name": "years",
          "datatype": "string"
        },
        {
          "name": "details",
          "datatype": "string"
        }
      ],
      "primaryKey": "record"
    }
  },
  {
    "@type": "schema:Event",
    "record": "Highest goal-scoring goalkeeper of all time",
    "player": "Rogério Ceni",
    "nationality": "Brazil",
    "years": "1990-2015",
    "details": "131 goals in 1,237 games"
  },
  {
    "@type": "schema:Event",
    "record": "Player who has scored the most official goals for a single club",
    "player": "Lionel Messi",
    "details": "672 goals for Barcelona"
  }
]
