[
  {
    "@context": [
      "http://www.w3.org/ns/csvw",
      {
        "schema": "http://schema.org"
      }
    ],
    "@id": "http://example.org/football-records",
    "url": "football-records.csv",
    "schema:description": "The table contains information about football records",
    "tableSchema": {
      "columns": [
        {
          "name": "record",
          "datatype": "string"
        },
        {
          "name": "player",
          "datatype": "string"
        },
        {
          "name": "nationality",
          "datatype": "string"
        },
        {
          "name": "years",
          "datatype": "string"
        },
        {
          "name": "details",
          "datatype": "string"
        },
        {
          "name": "type",
          "datatype": "string"
        }
      ],
      "primaryKey": "record"
    }
  },
  {
    "@type": "schema:Event",
    "record": "Player most sent-off during his career",
    "player": "Gerardo Bedoya",
    "nationality": "Colombia",
    "years": "1995-2015",
    "details": "46 red cards in total"
  },
  {
    "@type": "schema:Event",
    "record": "Fastest goal in history",
    "player": "Vuk Bakić",
    "details": "On 25 September 2012, Vuk Bakić scored after two seconds for the Serbian junior championship between GSP Polet and Dorcol."
  },
  {
    "@type": "schema:Event",
    "type": "appearances records"
  },
  {
    "@type": "schema:Event",
    "type": "goals and goalscoring records"
  },
  {
    "@type": "schema:Event",
    "type": "other records"
  }
]
